{
  "astikorcarts:recipes/plow": {
    "criteria": {
      "has_wheel": "2021-05-01 16:07:25 -0400"
    },
    "done": true
  },
  "minecraft:recipes/combat/wooden_sword": {
    "criteria": {
      "has_stick": "2021-05-01 15:46:11 -0400"
    },
    "done": true
  },
  "minecraft:recipes/tools/wooden_axe": {
    "criteria": {
      "has_stick": "2021-05-01 15:46:11 -0400"
    },
    "done": true
  },
  "minecraft:recipes/betterendforge/terminite_shovel_smithing": {
    "criteria": {
      "has_stick": "2021-05-01 15:46:11 -0400"
    },
    "done": true
  },
  "upgradednetherite:recipes/upgraded_netherite_chestplate_smithing": {
    "criteria": {
      "has_netherite_chestplate": "2021-05-01 15:03:17 -0400"
    },
    "done": true
  },
  "architects_palette:main/root": {
    "criteria": {
      "craftingtable": "2021-05-01 14:55:56 -0400"
    },
    "done": true
  },
  "minecraft:recipes/betterendforge/terminite_axe_smithing": {
    "criteria": {
      "has_stick": "2021-05-01 15:46:11 -0400"
    },
    "done": true
  },
  "syp:recipes/misc/golden_pet_bandage": {
    "criteria": {
      "has_bandage": "2021-05-01 16:07:26 -0400"
    },
    "done": true
  },
  "undergarden:recipes/undergarden_group/shard_torch": {
    "criteria": {
      "has_stick": "2021-05-01 15:46:11 -0400"
    },
    "done": true
  },
  "minecraft:recipes/tools/wooden_hoe": {
    "criteria": {
      "has_stick": "2021-05-01 15:46:11 -0400"
    },
    "done": true
  },
  "astikorcarts:recipes/animal_cart": {
    "criteria": {
      "has_wheel": "2021-05-01 16:07:25 -0400"
    },
    "done": true
  },
  "minecraft:adventure/adventuring_time": {
    "criteria": {
      "minecraft:jungle_edge": "2021-05-01 14:56:47 -0400",
      "minecraft:plains": "2021-05-01 14:56:49 -0400"
    },
    "done": false
  },
  "undergarden:recipes/decorations/undergarden_scaffolding": {
    "criteria": {
      "has_stick": "2021-05-01 15:46:11 -0400"
    },
    "done": true
  },
  "minecraft:recipes/betterendforge/terminite_pickaxe_smithing": {
    "criteria": {
      "has_stick": "2021-05-01 15:46:11 -0400"
    },
    "done": true
  },
  "minecraft:recipes/decorations/campfire": {
    "criteria": {
      "has_stick": "2021-05-01 15:46:11 -0400"
    },
    "done": true
  },
  "scarecrowsterritory:recipes/decorations/primitive_scarecrow": {
    "criteria": {
      "item": "2021-05-01 15:46:11 -0400"
    },
    "done": true
  },
  "undergarden:recipes/decorations/smogstem_torch_ditchbulb": {
    "criteria": {
      "has_stick": "2021-05-01 15:46:11 -0400"
    },
    "done": true
  },
  "minecraft:recipes/tools/wooden_pickaxe": {
    "criteria": {
      "has_stick": "2021-05-01 15:46:11 -0400"
    },
    "done": true
  },
  "minecraft:recipes/decorations/ladder": {
    "criteria": {
      "has_stick": "2021-05-01 15:46:11 -0400"
    },
    "done": true
  },
  "minecraft:husbandry/root": {
    "criteria": {
      "consumed_item": "2021-05-01 15:55:27 -0400"
    },
    "done": true
  },
  "minecraft:recipes/betterendforge/thallasium_pickaxe_smithing": {
    "criteria": {
      "has_stick": "2021-05-01 15:46:11 -0400"
    },
    "done": true
  },
  "minecraft:recipes/betterendforge/thallasium_hoe_smithing": {
    "criteria": {
      "has_stick": "2021-05-01 15:46:11 -0400"
    },
    "done": true
  },
  "minecraft:recipes/tools/wooden_shovel": {
    "criteria": {
      "has_stick": "2021-05-01 15:46:11 -0400"
    },
    "done": true
  },
  "minecraft:recipes/betterendforge/thallasium_sword_handle_smithing": {
    "criteria": {
      "has_stick": "2021-05-01 15:46:11 -0400"
    },
    "done": true
  },
  "minecraft:recipes/betterendforge/thallasium_axe_smithing": {
    "criteria": {
      "has_stick": "2021-05-01 15:46:11 -0400"
    },
    "done": true
  },
  "minecraft:recipes/betterendforge/thallasium_shovel_smithing": {
    "criteria": {
      "has_stick": "2021-05-01 15:46:11 -0400"
    },
    "done": true
  },
  "undergarden:undergarden/root": {
    "criteria": {
      "tick": "2021-05-01 14:55:56 -0400"
    },
    "done": true
  },
  "minecraft:recipes/combat/crossbow": {
    "criteria": {
      "has_stick": "2021-05-01 15:46:11 -0400"
    },
    "done": true
  },
  "minecraft:recipes/decorations/soul_campfire": {
    "criteria": {
      "has_stick": "2021-05-01 15:46:11 -0400"
    },
    "done": true
  },
  "minecraft:recipes/betterendforge/terminite_hoe_smithing": {
    "criteria": {
      "has_stick": "2021-05-01 15:46:11 -0400"
    },
    "done": true
  },
  "minecraft:recipes/betterendforge/terminite_hammer_smithing": {
    "criteria": {
      "has_stick": "2021-05-01 15:46:11 -0400"
    },
    "done": true
  },
  "descent:enchantments": {
    "criteria": {
      "requirement": "2021-05-01 15:03:31 -0400"
    },
    "done": true
  },
  "minecraft:adventure/root": {
    "criteria": {
      "killed_by_something": "2021-05-01 15:04:22 -0400"
    },
    "done": true
  },
  "decorative_blocks:recipes/decorations/lattice": {
    "criteria": {
      "has_stick": "2021-05-01 15:46:11 -0400"
    },
    "done": true
  },
  "astikorcarts:recipes/supply_cart": {
    "criteria": {
      "has_wheel": "2021-05-01 16:07:25 -0400"
    },
    "done": true
  },
  "undergarden:recipes/undergarden_group/slingshot": {
    "criteria": {
      "has_stick": "2021-05-01 15:46:11 -0400"
    },
    "done": true
  },
  "minecraft:recipes/betterendforge/thallasium_hammer_smithing": {
    "criteria": {
      "has_stick": "2021-05-01 15:46:11 -0400"
    },
    "done": true
  },
  "farlanders:root": {
    "criteria": {
      "attack": "2021-05-01 15:03:54 -0400"
    },
    "done": true
  },
  "minecraft:recipes/betterendforge/terminite_sword_handle_smithing": {
    "criteria": {
      "has_stick": "2021-05-01 15:46:11 -0400"
    },
    "done": true
  },
  "DataVersion": 2586
}