{
  "biomesoplenty:biomesoplenty/root": {
    "criteria": {
      "shrubland_hills": "2021-04-19 13:44:29 -0400"
    },
    "done": true
  },
  "minecraft:husbandry/obtain_netherite_hoe": {
    "criteria": {
      "netherite_hoe": "2021-04-19 15:08:05 -0400"
    },
    "done": true
  },
  "spartanweaponry:longsword": {
    "criteria": {
      "craft": "2021-04-19 15:09:58 -0400"
    },
    "done": true
  },
  "minecraft:recipes/misc/gold_nugget_from_smelting": {
    "criteria": {
      "has_golden_sword": "2021-04-19 15:06:45 -0400"
    },
    "done": true
  },
  "architects_palette:main/root": {
    "criteria": {
      "craftingtable": "2021-04-19 13:44:49 -0400"
    },
    "done": true
  },
  "upgradednetherite:recipes/upgraded_netherite_chestplate_smithing": {
    "criteria": {
      "has_netherite_chestplate": "2021-04-19 15:07:57 -0400"
    },
    "done": true
  },
  "upgradednetherite:recipes/upgraded_netherite_axe_smithing": {
    "criteria": {
      "has_netherite_axe": "2021-04-19 15:08:05 -0400"
    },
    "done": true
  },
  "upgradednetherite:recipes/upgraded_netherite_pickaxe_smithing": {
    "criteria": {
      "has_netherite_pickaxe": "2021-04-19 15:08:04 -0400"
    },
    "done": true
  },
  "upgradednetherite:recipes/upgraded_netherite_helmet_smithing": {
    "criteria": {
      "has_netherite_helmet": "2021-04-19 15:07:57 -0400"
    },
    "done": true
  },
  "spartanweaponry:dagger": {
    "criteria": {
      "craft": "2021-04-19 15:10:11 -0400"
    },
    "done": true
  },
  "undergarden:undergarden/root": {
    "criteria": {
      "tick": "2021-04-19 13:44:49 -0400"
    },
    "done": true
  },
  "upgradednetherite:recipes/upgraded_netherite_leggings_smithing": {
    "criteria": {
      "has_netherite_leggings": "2021-04-19 15:07:58 -0400"
    },
    "done": true
  },
  "upgradednetherite:recipes/upgraded_netherite_shovel_smithing": {
    "criteria": {
      "has_netherite_shovel": "2021-04-19 15:08:03 -0400"
    },
    "done": true
  },
  "biomesoplenty:biomesoplenty/all_biomes": {
    "criteria": {
      "shrubland": "2021-04-19 13:45:06 -0400",
      "shrubland_hills": "2021-04-19 13:44:29 -0400"
    },
    "done": false
  },
  "upgradednetherite:recipes/upgraded_netherite_sword_smithing": {
    "criteria": {
      "has_netherite_sword": "2021-04-19 15:07:56 -0400"
    },
    "done": true
  },
  "minecraft:recipes/misc/gold_nugget_from_blasting": {
    "criteria": {
      "has_golden_sword": "2021-04-19 15:06:45 -0400"
    },
    "done": true
  },
  "minecraft:adventure/adventuring_time": {
    "criteria": {
      "minecraft:jungle_edge": "2021-04-19 13:44:59 -0400"
    },
    "done": false
  },
  "upgradednetherite:recipes/upgraded_netherite_boots_smithing": {
    "criteria": {
      "has_netherite_boots": "2021-04-19 15:07:58 -0400"
    },
    "done": true
  },
  "DataVersion": 2586
}