{
  "twilightforest:alt/major_landmarks/naga_courtyard": {
    "criteria": {
      "discover": "2021-05-04 12:29:25 -0400"
    },
    "done": true
  },
  "twilightforest:alt/major_landmarks/hedge_maze": {
    "criteria": {
      "discover": "2021-05-04 12:29:25 -0400"
    },
    "done": true
  },
  "twilightforest:alt/major_landmarks/quest_grove": {
    "criteria": {
      "discover": "2021-05-04 12:29:25 -0400"
    },
    "done": true
  },
  "architects_palette:main/root": {
    "criteria": {
      "craftingtable": "2021-05-04 12:29:44 -0400"
    },
    "done": true
  },
  "twilightforest:alt/major_landmarks/medium_hollow_hill": {
    "criteria": {
      "discover": "2021-05-04 12:29:25 -0400"
    },
    "done": true
  },
  "twilightforest:alt/major_landmarks/large_hollow_hill": {
    "criteria": {
      "discover": "2021-05-04 12:29:25 -0400"
    },
    "done": true
  },
  "twilightforest:alt/major_landmarks/ice_tower": {
    "criteria": {
      "discover": "2021-05-04 12:29:25 -0400"
    },
    "done": true
  },
  "twilightforest:alt/major_landmarks/lich_tower": {
    "criteria": {
      "discover": "2021-05-04 12:29:25 -0400"
    },
    "done": true
  },
  "undergarden:undergarden/root": {
    "criteria": {
      "tick": "2021-05-04 12:29:44 -0400"
    },
    "done": true
  },
  "twilightforest:alt/major_landmarks/small_hollow_hill": {
    "criteria": {
      "discover": "2021-05-04 12:29:25 -0400"
    },
    "done": true
  },
  "twilightforest:alt/major_landmarks/mushroom_tower": {
    "criteria": {
      "discover": "2021-05-04 12:29:25 -0400"
    },
    "done": true
  },
  "twilightforest:alt/major_landmarks/yeti_lairs": {
    "criteria": {
      "discover": "2021-05-04 12:29:25 -0400"
    },
    "done": true
  },
  "twilightforest:alt/major_landmarks/final_castle": {
    "criteria": {
      "discover": "2021-05-04 12:29:25 -0400"
    },
    "done": true
  },
  "twilightforest:alt/major_landmarks/dark_tower": {
    "criteria": {
      "discover": "2021-05-04 12:29:25 -0400"
    },
    "done": true
  },
  "twilightforest:alt/major_landmarks/hollow_hills": {
    "criteria": {
      "1": "2021-05-04 12:29:25 -0400"
    },
    "done": true
  },
  "twilightforest:alt/major_landmarks/hydra_lair": {
    "criteria": {
      "discover": "2021-05-04 12:29:25 -0400"
    },
    "done": true
  },
  "minecraft:adventure/adventuring_time": {
    "criteria": {
      "minecraft:taiga": "2021-05-04 12:29:25 -0400"
    },
    "done": false
  },
  "DataVersion": 2586
}