[
  {
    "uuid": "d7b10035-0a48-4ff3-83ec-5663d7a5a414",
    "name": "KyoSohma",
    "lives": 3,
    "team": {
      "id": "00000000-0000-0000-0000-000000000000",
      "lifeSetting": "SHARE",
      "rewardSetting": "ALL",
      "players": [
        {
          "uuid": "d7b10035-0a48-4ff3-83ec-5663d7a5a414",
          "owner": true,
          "bookOpen": false,
          "inTeam": true,
          "name": "KyoSohma"
        }
      ],
      "reputations": [
        {
          "reputationId": "5f04a888-c2f0-4c59-b32f-ed5313ff1ec4",
          "reputationValue": 0
        },
        {
          "reputationId": "2ca85ef2-0ae3-4eae-954a-301829e84337",
          "reputationValue": 0
        }
      ],
      "questDataList": [
        {
          "questId": "38b2dedc-05ff-4f11-87ea-30c1cb9c0817",
          "questData": {
            "players": 1,
            "rewards": [
              false
            ],
            "completed": false,
            "claimed": false,
            "available": true,
            "time": 0,
            "tasksSize": 4,
            "tasks": [
              {
                "type": "ITEMS",
                "completed": false,
                "count": 1,
                "progress": [
                  0
                ]
              },
              {
                "type": "ITEMS",
                "completed": false,
                "count": 1,
                "progress": [
                  0
                ]
              },
              {
                "type": "ITEMS",
                "completed": false,
                "count": 3,
                "progress": [
                  0,
                  0,
                  0
                ]
              },
              {
                "type": "ITEMS",
                "completed": false,
                "count": 0,
                "progress": []
              }
            ]
          }
        },
        {
          "questId": "bc6eae45-fa55-41e3-9df2-a3e9b1025325",
          "questData": {
            "players": 1,
            "rewards": [
              false
            ],
            "completed": false,
            "claimed": false,
            "available": true,
            "time": 0,
            "tasksSize": 1,
            "tasks": [
              {
                "type": "ITEMS",
                "completed": false,
                "count": 1,
                "progress": [
                  0
                ]
              }
            ]
          }
        },
        {
          "questId": "b1817d6a-31d2-4ff5-ad46-3e1ef9a93bac",
          "questData": {
            "players": 1,
            "rewards": [
              false
            ],
            "completed": false,
            "claimed": false,
            "available": true,
            "time": 0,
            "tasksSize": 1,
            "tasks": [
              {
                "type": "ITEMS",
                "completed": false,
                "count": 1,
                "progress": [
                  0
                ]
              }
            ]
          }
        },
        {
          "questId": "1e0c6f4b-2aa1-46ba-bcc4-7cb570ead594",
          "questData": {
            "players": 1,
            "rewards": [
              false
            ],
            "completed": false,
            "claimed": false,
            "available": true,
            "time": 0,
            "tasksSize": 1,
            "tasks": [
              {
                "type": "ITEMS",
                "completed": false,
                "count": 1,
                "progress": [
                  0
                ]
              }
            ]
          }
        },
        {
          "questId": "680867e0-3739-47e7-9072-882548d8d3ed",
          "questData": {
            "players": 1,
            "rewards": [
              false
            ],
            "completed": false,
            "claimed": false,
            "available": true,
            "time": 0,
            "tasksSize": 0,
            "tasks": []
          }
        },
        {
          "questId": "8ff965b5-2e2d-4558-b5c9-c7317a89b6ae",
          "questData": {
            "players": 1,
            "rewards": [
              false
            ],
            "completed": false,
            "claimed": false,
            "available": true,
            "time": 0,
            "tasksSize": 1,
            "tasks": [
              {
                "type": "ITEMS",
                "completed": false,
                "count": 2,
                "progress": [
                  0,
                  0
                ]
              }
            ]
          }
        },
        {
          "questId": "df2d8230-ef33-4581-9e1a-da5cc94610e9",
          "questData": {
            "players": 1,
            "rewards": [
              false
            ],
            "completed": false,
            "claimed": false,
            "available": true,
            "time": 0,
            "tasksSize": 1,
            "tasks": [
              {
                "type": "ITEMS",
                "completed": false,
                "count": 7,
                "progress": [
                  0,
                  0,
                  0,
                  0,
                  0,
                  0,
                  0
                ]
              }
            ]
          }
        },
        {
          "questId": "2715d28c-f00a-4afd-9ec8-fdb05bea02cb",
          "questData": {
            "players": 1,
            "rewards": [
              false
            ],
            "completed": false,
            "claimed": false,
            "available": true,
            "time": 0,
            "tasksSize": 1,
            "tasks": [
              {
                "type": "ITEMS",
                "completed": false,
                "count": 8,
                "progress": [
                  0,
                  0,
                  0,
                  0,
                  0,
                  0,
                  0,
                  0
                ]
              }
            ]
          }
        },
        {
          "questId": "7b0db033-39b8-43a5-b395-a4d940e0ffb7",
          "questData": {
            "players": 1,
            "rewards": [
              false
            ],
            "completed": false,
            "claimed": false,
            "available": true,
            "time": 0,
            "tasksSize": 1,
            "tasks": [
              {
                "type": "ITEMS",
                "completed": false,
                "count": 5,
                "progress": [
                  0,
                  0,
                  0,
                  0,
                  0
                ]
              }
            ]
          }
        },
        {
          "questId": "0fee6ca5-c1d6-4d80-ac19-60d3474c71f2",
          "questData": {
            "players": 1,
            "rewards": [
              false
            ],
            "completed": false,
            "claimed": false,
            "available": true,
            "time": 0,
            "tasksSize": 1,
            "tasks": [
              {
                "type": "ITEMS",
                "completed": false,
                "count": 1,
                "progress": [
                  0
                ]
              }
            ]
          }
        },
        {
          "questId": "914caf6c-cdc6-4b1c-b5bd-b097d23af356",
          "questData": {
            "players": 1,
            "rewards": [
              false
            ],
            "completed": false,
            "claimed": false,
            "available": true,
            "time": 0,
            "tasksSize": 1,
            "tasks": [
              {
                "type": "ITEMS",
                "completed": false,
                "count": 13,
                "progress": [
                  0,
                  0,
                  0,
                  0,
                  0,
                  0,
                  0,
                  0,
                  0,
                  0,
                  0,
                  0,
                  0
                ]
              }
            ]
          }
        },
        {
          "questId": "ea882399-ddc5-45de-9781-859649174c85",
          "questData": {
            "players": 1,
            "rewards": [
              false
            ],
            "completed": false,
            "claimed": false,
            "available": true,
            "time": 0,
            "tasksSize": 1,
            "tasks": [
              {
                "type": "ITEMS",
                "completed": false,
                "count": 1,
                "progress": [
                  0
                ]
              }
            ]
          }
        }
      ],
      "invites": []
    },
    "playedLore": false,
    "receivedBook": true,
    "groupData": {}
  }
]