{"stats":{"minecraft:broken":{"minecraft:netherite_chestplate":1},"minecraft:custom":{"minecraft:time_since_rest":277036,"minecraft:open_chest":3,"minecraft:play_one_minute":287035,"minecraft:crouch_one_cm":222,"minecraft:walk_one_cm":19342,"minecraft:sprint_one_cm":7642,"minecraft:damage_taken":423,"minecraft:damage_absorbed":1030,"minecraft:deaths":1,"minecraft:sneak_time":279,"minecraft:interact_with_anvil":1,"minecraft:drop":6,"minecraft:damage_dealt_resisted":26,"minecraft:jump":20,"minecraft:damage_dealt":10,"minecraft:time_since_death":277003,"minecraft:fly_one_cm":49702},"minecraft:killed_by":{"dannys_expansion:ghoul":1},"minecraft:used":{"minecraft:anvil":1,"supplementaries:bomb":12,"minecraft:map":3,"minecraft:zombie_spawn_egg":1,"goldenchorus:golden_chorus_fruit":1,"quark:soul_bead":66,"dannys_expansion:ghoul_spawn_egg":1},"minecraft:dropped":{"gravestone:obituary":1,"goldenchorus:golden_chorus_fruit":1,"quark:dragon_scale":1,"progressivebosses:nether_star_shard":1,"quark:cactus_paste":1,"quark:diamond_heart":1},"minecraft:picked_up":{"minecraft:stick":9,"projectvibrantjourneys:rocks":1}},"DataVersion":2586}