{
  "undergarden:undergarden/root": {
    "criteria": {
      "tick": "2021-03-24 19:43:20 -0400"
    },
    "done": true
  },
  "minecraft:adventure/root": {
    "criteria": {
      "killed_something": "2021-03-24 19:50:38 -0400"
    },
    "done": true
  },
  "minecraft:adventure/kill_a_mob": {
    "criteria": {
      "minecraft:zombie": "2021-03-24 19:50:38 -0400"
    },
    "done": true
  },
  "architects_palette:main/root": {
    "criteria": {
      "craftingtable": "2021-03-24 19:43:20 -0400"
    },
    "done": true
  },
  "minecraft:adventure/kill_all_mobs": {
    "criteria": {
      "minecraft:zombie": "2021-03-24 19:50:38 -0400"
    },
    "done": false
  },
  "farlanders:root": {
    "criteria": {
      "attack": "2021-03-24 19:49:36 -0400"
    },
    "done": true
  },
  "minecraft:adventure/adventuring_time": {
    "criteria": {
      "minecraft:beach": "2021-03-24 19:43:56 -0400",
      "minecraft:wooded_hills": "2021-03-24 19:43:20 -0400",
      "minecraft:savanna": "2021-03-24 19:44:23 -0400",
      "minecraft:plains": "2021-03-24 19:44:44 -0400"
    },
    "done": false
  },
  "minecraft:story/root": {
    "criteria": {
      "crafting_table": "2021-03-24 19:43:48 -0400"
    },
    "done": true
  },
  "DataVersion": 2586
}