{"stats":{"minecraft:used":{"minecraft:splash_potion":5},"minecraft:picked_up":{"minecraft:crafting_table":1,"minecraft:zombie_head":3,"minecraft:rotten_flesh":12},"minecraft:custom":{"minecraft:jump":40,"minecraft:open_chest":8,"minecraft:time_since_rest":42283,"minecraft:damage_dealt":192,"minecraft:crouch_one_cm":81,"minecraft:play_one_minute":42283,"minecraft:sprint_one_cm":8190,"minecraft:time_since_death":42283,"minecraft:walk_one_cm":14318,"minecraft:sneak_time":24711,"minecraft:climb_one_cm":1990,"minecraft:mob_kills":2,"minecraft:fly_one_cm":13725}},"DataVersion":2586}